course_code,ML,DS,Statistics,Computer_Vision,NLP,Software_Engineering,Algorithms,HCI,Optimization,Computer_Architecture,Embedded_Systems,Robotics,Computer_Systems,Cognitive_Science,Apllied_Mathematics,infoSec
COSE211,0.25,0.2,0.3,0.1,0.2,0.35,1,0.05,0.45,0.1,0.05,0.15,0.25,0.1,0.55,0.2
COSE212,0.15,0.1,0.05,0.05,0.2,0.9,0.55,0.05,0.1,0.2,0.05,0.05,0.55,0.05,0.25,0.2
COSE213,0.25,0.3,0.05,0.1,0.1,0.75,1,0.05,0.3,0.2,0.15,0.2,0.45,0.05,0.2,0.15
COSE214,0.35,0.3,0.25,0.1,0.1,0.35,1,0.05,0.75,0.1,0.1,0.25,0.25,0.05,0.5,0.2
COSE215,0.15,0.05,0.05,0.05,0.25,0.3,1,0,0.15,0.1,0.05,0.05,0.2,0.05,0.45,0.15
COSE221,0.05,0,0,0.05,0,0.25,0.25,0,0.05,1,0.8,0.2,0.5,0,0.25,0.1
COSE222,0.05,0,0,0.05,0,0.25,0.25,0,0.1,1,0.6,0.2,0.9,0,0.2,0.2
COSE242,0.05,0.15,0.15,0,0,0.35,0.3,0,0.2,0.2,0.3,0.1,0.9,0,0.2,0.3
COSE281,0.3,0.2,0.4,0.3,0.05,0.05,0.2,0,0.4,0.1,0.25,0.35,0.1,0.05,1,0
COSE283,0,0,0,0,0,0,0,0,0,0.2,0.4,0.2,0,0,0.3,0
COSE284,0.05,0,0.1,0.1,0,0.05,0.1,0,0.2,0.25,0.6,0.2,0.1,0,0.9,0
COSE312,0.1,0.05,0.05,0.05,0.25,0.85,0.8,0.05,0.1,0.15,0.1,0.05,0.7,0.05,0.2,0.2
COSE321,0.05,0.1,0.1,0,0,0.55,0.35,0,0.2,0.85,0.6,0.1,1,0,0.2,0.2
COSE322,0.05,0.1,0,0,0,0.8,0.3,0,0.1,0.65,0.4,0.1,1,0,0.15,0.45
COSE331,0.15,0.1,0.1,0.55,0.05,0.65,0.5,0.25,0.2,0.15,0.1,0.15,0.2,0.1,0.7,0
COSE341,0.05,0.1,0,0,0,0.7,0.4,0,0.15,0.55,0.35,0.1,1,0,0.1,0.4
COSE342,0.05,0.1,0.1,0,0,0.5,0.35,0,0.2,0.2,0.25,0.1,1,0,0.15,0.45
COSE354,0.2,0.1,0.15,0,0,0.65,0.6,0,0.1,0.2,0.2,0.05,0.8,0,0.4,1
COSE361,0.85,0.35,0.3,0.4,0.4,0.25,0.65,0.15,0.4,0.05,0.1,0.4,0.1,0.4,0.35,0.1
COSE362,1,0.75,0.8,0.4,0.4,0.2,0.4,0.05,0.75,0.05,0.1,0.25,0.1,0.2,0.6,0.1
COSE363,0.3,0.25,0.35,0.05,0.15,0.3,0.55,0,0.2,0.1,0.1,0.05,0.45,0.1,0.55,0.15
COSE371,0.2,0.8,0.1,0,0,0.75,0.4,0.05,0.1,0.05,0.05,0,0.65,0,0.1,0.25
COSE380,0.3,0.3,0.45,0.45,0.1,0.15,0.25,0,0.3,0.15,0.6,0.35,0.2,0.15,0.8,0
COSE382,0.4,0.4,1,0.2,0.1,0.05,0.25,0,0.4,0.05,0.1,0.25,0.1,0.15,0.8,0.1
COSE385,0.2,0.15,0.25,0.35,0.1,0.1,0.15,0,0.25,0.2,0.7,0.45,0.2,0.1,0.9,0
COSE389,0,0,0,0,0,0.15,0,0.15,0,0,0,0,0,0.1,0,0
COSE394,0,0.1,0,0,0,0.5,0,0.4,0,0,0,0,0,0.15,0,0
COSE401,0,0,0,0,0,0,0,0,0,0,0,0,0,0,0,0
COSE402,0,0,0,0,0,0,0,0,0,0,0,0,0,0,0,0
COSE403,0,0,0,0,0,0,0,0,0,0,0,0,0,0,0,0
COSE404,0,0,0,0,0,0,0,0,0,0,0,0,0,0,0,0
COSE405,0,0,0,0,0,0,0,0,0,0,0,0,0,0,0,0
COSE407,0,0,0,0,0,0,0,0,0,0,0,0,0,0,0,0
COSE413,0.05,0,0,0,0,0.25,0.2,0,0.4,0.9,0.9,0.2,0.7,0,0.2,0.1
COSE416,0.85,0.3,0.35,0.8,0.05,0.35,0.45,0.1,0.55,0.2,0.55,1,0.3,0.25,0.45,0
COSE419,0.05,0,0,0,0,1,0.75,0,0.15,0.1,0.1,0,0.4,0,0.4,0.4
COSE421,0.1,0,0,0,0,0.5,0.3,0,0.2,0.8,1,0.5,0.65,0,0.2,0.25
COSE423,0.65,0.35,0.3,0.15,0.05,0.1,0.35,0,1,0,0,0.2,0.05,0.05,0.9,0
COSE425,0.05,0.1,0.1,0,0,0.65,0.6,0.05,0.1,0.1,0.05,0,0.7,0,0.35,0.6
COSE432,0.15,0.15,0.1,0.1,0.15,0.4,0.1,1,0.05,0,0,0.1,0.05,0.7,0.05,0.1
COSE434,0.1,0.05,0,0.35,0,0.85,0.5,0.45,0.15,0.2,0.15,0.1,0.25,0.15,0.35,0
COSE436,0.15,0.7,0.25,0.2,0.05,0.55,0.2,0.9,0.05,0.05,0.05,0,0.15,0.3,0.2,0
COSE441,0.05,0.1,0,0,0,0.55,0.35,0,0.15,0.15,0.2,0,1,0,0.1,0.4
COSE444,0.1,0.35,0.1,0,0,0.75,0.3,0,0.3,0.2,0.1,0,1,0,0.1,0.35
COSE451,0.15,0.05,0.05,0,0,0.8,0.6,0,0.1,0.15,0.15,0,0.75,0,0.35,1
COSE455,0,0.05,0,0,0,0.35,0.05,0.25,0.05,0,0,0,0.05,0.1,0,0
COSE457,0.1,0.15,0,0.05,0.05,0.9,0.25,0.3,0.1,0.05,0.1,0.1,0.3,0.1,0,0
COSE461,0.85,0.55,0.6,0.05,1,0.25,0.45,0.1,0.5,0,0,0.05,0.1,0.55,0.4,0
COSE471,0.7,1,0.85,0.1,0.1,0.25,0.25,0.1,0.4,0,0,0,0.1,0.1,0.45,0
COSE474,1,0.6,0.5,0.65,0.65,0.2,0.3,0.05,0.75,0,0,0.35,0.1,0.2,0.55,0.1
COSE475,1,0.6,0.55,0.7,0.7,0.2,0.35,0.05,0.8,0,0,0.4,0.1,0.2,0.6,0.1
COSE480,0,0,0,0,0,0,0,0,0,0,0,0,0,0,0,0
COSE483,0.05,0,0.1,0,0,0.1,0.1,0,0.2,0.45,0.85,0.15,0.2,0,0.55,0
COSE485,0.75,0.5,0.85,0.2,0.2,0.1,0.45,0.05,0.4,0.05,0.1,0.15,0.1,0.2,0.85,0.2
COSE490,0,0,0,0,0,0,0,0,0,0,0,0,0,0,0,0
CSAI201,0.9,0.4,0.3,0.4,0.4,0.25,0.65,0.15,0.4,0.05,0.1,0.4,0.1,0.4,0.35,0.1
CSAI202,1,0.55,0.5,0.6,0.6,0.2,0.3,0.05,0.7,0,0,0.3,0.1,0.2,0.55,0.1
CSAI302,0.1,0,0,0,0,0.4,0.3,0,0.15,1,0.6,0.1,0.85,0,0.15,0.2
CSAI303,0.65,0.9,0.7,0.1,0.1,0.35,0.3,0.1,0.35,0.05,0.05,0,0.3,0.15,0.35,0.1
CSAI304,0.75,0.3,0.3,0.8,0.05,0.45,0.4,0.25,0.4,0.1,0.1,0.3,0.15,0.15,0.55,0
CSAI306,1,0.55,0.5,0.75,0.75,0.2,0.35,0.15,0.6,0,0,0.3,0.1,0.45,0.45,0.05
CSAI308,0.9,0.4,0.45,1,0.05,0.25,0.45,0.1,0.6,0.1,0.15,0.75,0.1,0.15,0.7,0
CSAI310,1,0.35,0.75,0.1,0.1,0.15,0.6,0.05,0.95,0,0.1,0.7,0.05,0.2,0.65,0
CSAI350,0,0,0,0,0,0,0,0,0,0,0,0,0,0,0,0
CSAI351,0,0,0,0,0,0,0,0,0,0,0,0,0,0,0,0
CSAI401,0.8,0.4,0.45,0.15,0.15,0.45,0.45,0.05,0.2,0.15,0.15,0.1,0.6,0.1,0.35,0.9
CSAI402,0.95,0.75,0.7,0.55,0.2,0.2,0.25,0.15,0.45,0,0,0.1,0.05,0.25,0.35,0
CSAI403,0.75,0.35,0.25,0.3,0.5,0.35,0.25,1,0.25,0,0,0.3,0.1,0.8,0.2,0
CSAI404,0.9,0.45,0.65,0.1,0.75,0.2,0.3,0.1,0.4,0,0.2,0.1,0.1,0.45,0.65,0
CSAI405,1,0.55,0.45,0.65,0.8,0.25,0.3,0.1,0.65,0,0,0.2,0.15,0.25,0.45,0.15
CSAI406,0.7,0.3,0.2,0.25,0.35,0.3,0.15,1,0.15,0,0,0.15,0.05,0.85,0.1,0
CSAI407,0.9,0.3,0.45,0.75,0.1,0.3,0.45,0.2,0.7,0.2,0.6,1,0.25,0.85,0.55,0
CSAI408,1,0.4,0.7,0.2,0.2,0.15,0.4,0.05,0.8,0,0,0.2,0.05,0.15,0.6,0
CSAI409,0.8,0.4,0.2,0.15,0.15,0.75,0.45,0.1,0.35,0.45,0.3,0.2,1,0.1,0.2,0.2
CSAI410,0.95,0.5,0.6,0.05,1,0.2,0.4,0.1,0.55,0,0,0,0.1,0.5,0.4,0
CSAI411,0.65,0.8,0.4,0.05,0.75,0.4,0.6,0.2,0.2,0,0,0,0.3,0.2,0.2,0.1
CSAI431,0.75,0.5,0.35,0.3,0.3,0.3,0.25,0.15,0.4,0,0.05,0.25,0.1,0.2,0.25,0
CSAI432,0.75,0.5,0.35,0.3,0.3,0.3,0.25,0.15,0.4,0,0.05,0.25,0.1,0.2,0.25,0
DATA202,0.1,0.1,0.1,0,0,0.2,1,0,0.2,0.05,0,0,0.15,0,0.5,0.15
DATA301,0.4,0.9,0.9,0,0,0.1,0.1,0.1,0.25,0,0,0,0,0.1,0.45,0
DATA302,0.85,0.45,0.45,1,0,0.25,0.4,0.1,0.5,0,0,0.45,0.05,0.15,0.65,0
DATA303,1,0.75,0.8,0.35,0.35,0.2,0.45,0.05,0.8,0,0,0.2,0.1,0.15,0.65,0.1
DATA304,0.6,1,0.65,0.1,0.1,0.45,0.4,0.1,0.25,0.1,0.05,0,0.6,0.1,0.3,0.1
DATA306,0.05,0.15,0.05,0,0,0.25,0.05,0.9,0,0,0,0,0,0.6,0,0
DATA341,0.15,0.75,0.4,0.2,0,0.45,0.15,0.8,0.05,0,0,0,0,0.2,0.15,0
DATA401,0.2,0.85,0.2,0,0,0.65,0.35,0.05,0.1,0,0,0,0.7,0,0.1,0.25
DATA402,0.45,0.9,0.75,0,0,0.35,0.25,0.05,0.3,0,0,0,0.35,0.1,0.5,0.1
DATA403,1,0.4,0.7,0,0,0.15,0.55,0.05,0.95,0,0.1,0.6,0.05,0.2,0.65,0
DATA405,0.1,0.65,0.3,0,0,0.2,0.05,0.4,0,0,0,0,0,0.35,0.1,0
DATA407,0.55,0.85,0.6,0.1,0.1,0.25,0.2,0.1,0.25,0,0,0.05,0.1,0.1,0.3,0
DATA408,0.55,0.85,0.6,0.1,0.1,0.25,0.2,0.1,0.25,0,0,0.05,0.1,0.1,0.3,0
DATA410,0.55,0.85,0.6,0.1,0.1,0.25,0.2,0.1,0.25,0,0,0.05,0.1,0.1,0.3,0
DATA412,0.55,0.85,0.6,0.1,0.1,0.25,0.2,0.1,0.25,0,0,0.05,0.1,0.1,0.3,0
DATA421,0,0,0,0,0,0,0,0,0,0,0,0,0,0,0,0
DATA422,0,0,0,0,0,0,0,0,0,0,0,0,0,0,0,0
DATA423,0,0,0,0,0,0,0,0,0,0,0,0,0,0,0,0
DATA424,0,0,0,0,0,0,0,0,0,0,0,0,0,0,0,0
DATA425,0,0,0,0,0,0,0,0,0,0,0,0,0,0,0,0
DATA426,0,0,0,0,0,0,0,0,0,0,0,0,0,0,0,0
MATH221,0.4,0.4,0.4,0.4,0.25,0.05,0.2,0.05,0.4,0.05,0.1,0.4,0.05,0.1,1,0.1
MATH344,0.4,0.4,1,0.1,0.1,0.05,0.2,0.05,0.4,0.05,0.1,0.3,0.2,0.2,0.9,0
STAT221,0.4,0.4,1,0.05,0.05,0,0.15,0,0.35,0,0,0.1,0.05,0.1,0.8,0.1
STAT232,0.4,0.4,1,0,0,0,0,0,0.25,0,0,0,0,0.1,0.8,0.1
STAT302,0.65,0.8,1,0,0,0,0,0,0.3,0,0,0,0,0.1,0.55,0
STAT323,0.55,0.85,0.9,0,0,0.5,0.4,0,0.25,0,0,0,0.1,0,0.55,0.05
STAT332,0.55,0.65,1,0,0,0,0,0,0.2,0,0,0,0,0.1,0.55,0
STAT341,0.45,0.75,1,0,0,0,0,0.05,0.4,0,0,0,0,0.15,0.55,0
STAT342,0.65,0.85,1,0,0,0,0,0,0.3,0,0,0,0,0.1,0.55,0
STAT343,0.55,0.75,1,0,0.1,0,0,0.05,0.2,0,0,0,0,0.2,0.45,0
STAT346,0.75,0.9,1,0,0,0,0,0,0.35,0,0,0,0,0.1,0.6,0
STAT401,0.65,0.75,1,0,0,0,0,0,0.4,0,0,0,0,0.1,0.7,0
STAT404,0.75,0.7,1,0,0,0,0,0,0.35,0,0,0,0,0.2,0.65,0
STAT409,0.8,0.9,1,0,0,0,0,0,0.4,0,0,0,0,0.1,0.65,0
STAT412,0.4,0.4,1,0,0,0,0,0,0.3,0,0,0,0,0.1,0.85,0
STAT424,1,0.85,0.95,0.2,0.2,0.05,0.25,0,0.7,0,0,0.1,0,0.1,0.7,0.1
STAT443,0.7,0.85,1,0,0,0,0,0,0.4,0,0,0,0,0.1,0.7,0
